date,action,price_reward,MACD_reward,multiple_MACD_cross_reward,RSI_reward,MACD_cross_reward,current_MACD_cross_0,current_price,current_MACD_histrogram,total_reward,cash_balance,stock_owned,total_assets
2023-01-26,0,0.0,0,0,0.0,0.0,0.0,198.9520721435547,0.2361238090764477,0.0,10000.0,0.0,10000.0
2023-01-27,1,-0.005771446103712915,0,0,0.0,-0.01,0.0,201.53201293945312,0.5391228991264778,-0.015771446103712915,124.93136596679688,49.0,10000.0
2023-01-30,0,-0.01121174258585585,0,0,0.0,0.0,0.0,200.3575592041016,0.48975272675736226,-0.01121174258585585,124.93136596679688,49.0,9942.451766967775
2023-01-31,2,0.0,0,0,0.0,-0.01,0.0,198.09532165527344,0.21857268898612747,-0.01,9831.602127075195,0.0,9831.602127075195
2023-02-01,0,0.0,0,0,0.0,0.0,0.0,200.6945037841797,0.3277377787749991,0.0,9831.602127075195,0.0,9831.602127075195
2023-02-02,0,0.0,0,0,0.0,0.0,0.0,199.00021362304688,0.18365359641602264,0.0,9831.602127075195,0.0,9831.602127075195
2023-02-03,0,0.0,0,0,0.0,0.0,-2.0,199.6355743408203,0.16910134712582348,0.0,9831.602127075195,0.0,9831.602127075195
2023-02-06,0,0.0,0,0,0.0,0.0,0.0,195.12071228027344,-0.23946278293278656,0.0,9831.602127075195,0.0,9831.602127075195
2023-02-07,0,0.0,0,0,0.0,0.0,0.0,196.42030334472656,-0.21709989580713862,0.0,9831.602127075195,0.0,9831.602127075195
2023-02-08,0,0.0,0,0,0.0,0.0,0.0,197.79690551757807,-0.03030803981350849,0.0,9831.602127075195,0.0,9831.602127075195
2023-02-09,0,0.0,0,0,0.0,0.0,0.0,194.66827392578125,-0.20232806693811,0.0,9831.602127075195,0.0,9831.602127075195
2023-02-10,0,0.0,0,0,0.0,0.0,0.0,191.78030395507807,-0.45133169396654416,0.0,9831.602127075195,0.0,9831.602127075195
2023-02-13,0,0.0,0,0,0.0,0.0,2.0,192.98362731933597,-0.32584502545229377,0.0,9831.602127075195,0.0,9831.602127075195
2023-02-14,0,0.0,0,0,0.0,0.0,0.0,195.7753448486328,0.05614111551845258,0.0,9831.602127075195,0.0,9831.602127075195
2023-02-15,0,0.0,0,0,0.0,0.0,0.0,193.4938201904297,0.027984039831216112,0.0,9831.602127075195,0.0,9831.602127075195
2023-02-16,0,0.0,0,0,0.0,0.0,-2.0,194.1773223876953,0.10790716674213519,0.0,9831.602127075195,0.0,9831.602127075195
2023-02-17,0,0.0,0,0,0.0,0.0,2.0,191.91506958007807,-0.04107535173374255,0.0,9831.602127075195,0.0,9831.602127075195
2023-02-21,0,0.0,0,0,0.0,0.0,-2.0,193.89813232421875,0.1171651939617564,0.0,9831.602127075195,0.0,9831.602127075195
2023-02-22,0,0.0,0,0,0.0,0.0,0.0,189.4121551513672,-0.19655755531364427,0.0,9831.602127075195,0.0,9831.602127075195
2023-02-23,0,0.0,0,0,0.0,0.0,0.0,188.1895904541016,-0.3443823591633324,0.0,9831.602127075195,0.0,9831.602127075195
2023-02-24,0,0.0,0,0,0.0,0.0,0.0,188.7315368652344,-0.24785055415291257,0.0,9831.602127075195,0.0,9831.602127075195
2023-02-27,0,0.0,0,0,0.0,0.0,0.0,185.84759521484372,-0.3684924295442946,0.0,9831.602127075195,0.0,9831.602127075195
2023-02-28,0,0.0,0,0,0.0,0.0,0.0,186.24441528320312,-0.26002174537244116,0.0,9831.602127075195,0.0,9831.602127075195
2023-03-01,0,0.0,0,0,0.0,0.0,2.0,185.30569458007807,-0.19709738349672268,0.0,9831.602127075195,0.0,9831.602127075195
2023-03-02,0,0.0,0,0,0.0,0.0,0.0,186.6605529785156,0.037605385471291,0.0,9831.602127075195,0.0,9831.602127075195
2023-03-03,0,0.0,0,0,0.0,0.0,0.0,188.17991638183597,0.30674618857960656,0.0,9831.602127075195,0.0,9831.602127075195
2023-03-06,0,0.0,0,0,0.0,0.0,0.0,190.4735107421875,0.6015567593581108,0.0,9831.602127075195,0.0,9831.602127075195
2023-03-07,0,0.0,0,0,0.0,0.0,0.0,190.68641662597656,0.6646854074052739,0.0,9831.602127075195,0.0,9831.602127075195
2023-03-08,0,0.0,0,0,0.0,0.0,0.0,189.3121795654297,0.48447619006232756,0.0,9831.602127075195,0.0,9831.602127075195
2023-03-09,0,0.0,0,0,0.0,0.0,0.0,189.2637939453125,0.35297625095103546,0.0,9831.602127075195,0.0,9831.602127075195
2023-03-10,0,0.0,0,0,0.0,0.0,-2.0,186.6605529785156,0.038235352973063685,0.0,9831.602127075195,0.0,9831.602127075195
2023-03-13,0,0.0,0,0,0.0,0.0,0.0,187.0960235595703,-0.027456915184385977,0.0,9831.602127075195,0.0,9831.602127075195
2023-03-14,0,0.0,0,0,0.0,0.0,0.0,186.8734436035156,-0.045820192059328635,0.0,9831.602127075195,0.0,9831.602127075195
2023-03-15,0,0.0,0,0,0.0,0.0,0.0,186.7476501464844,-0.03445534384999571,0.0,9831.602127075195,0.0,9831.602127075195
2023-03-16,0,0.0,0,0,0.0,0.0,0.0,182.0540008544922,-0.405178957772919,0.0,9831.602127075195,0.0,9831.602127075195
2023-03-17,1,-0.023756203562517838,0,0,0.0,-0.01,0.0,183.04112243652344,-0.3561442794252718,-0.033756203562517836,130.42263793945312,53.0,9831.602127075195
2023-03-20,2,0.0,0,0,0.0,-0.01,0.0,178.6862335205078,-0.6137909189724278,-0.01,9600.793014526367,0.0,9600.793014526367
2023-03-21,1,0.006686792939658068,0,0,0.0,-0.01,2.0,183.7572784423828,-0.11986650627002904,-0.0033132070603419323,45.41453552246094,52.0,9600.793014526367
2023-03-22,0,-0.02104648136813374,0,0,0.0,0.0,0.0,184.9960021972656,0.23491277199068428,-0.02104648136813374,45.41453552246094,52.0,9665.206649780272
2023-03-23,0,-0.0012769476164970095,0,0,0.0,0.0,-2.0,181.1249847412109,0.03304892020705408,-0.0012769476164970095,45.41453552246094,52.0,9463.913742065428
2023-03-24,2,0.0,0,0,0.0,0.01,2.0,180.89273071289065,-0.025688547592583877,0.01,9451.836532592775,0.0,9451.836532592775
2023-03-27,0,0.0,0,0,0.0,0.0,0.0,182.09274291992188,0.10188487552408998,0.0,9451.836532592775,0.0,9451.836532592775
2023-03-28,0,0.0,0,0,0.0,0.0,0.0,181.92822265625,0.1563645361039092,0.0,9451.836532592775,0.0,9451.836532592775
2023-03-29,0,0.0,0,0,0.0,0.0,0.0,181.8604888916016,0.1799524197092559,0.0,9451.836532592775,0.0,9451.836532592775
2023-03-30,0,0.0,0,0,0.0,0.0,0.0,182.97341918945312,0.28621789036486334,0.0,9451.836532592775,0.0,9451.836532592775
2023-03-31,0,0.0,0,0,0.0,0.0,0.0,183.0217742919922,0.3078480608680798,0.0,9451.836532592775,0.0,9451.836532592775
2023-04-03,0,0.0,0,0,0.0,0.0,0.0,184.957275390625,0.4512323912024713,0.0,9451.836532592775,0.0,9451.836532592775
2023-04-04,0,0.0,0,0,0.0,0.0,0.0,187.0476531982422,0.6195001712264653,0.0,9451.836532592775,0.0,9451.836532592775
2023-04-05,0,0.0,0,0,0.0,0.0,0.0,184.7830810546875,0.3832935777463676,0.0,9451.836532592775,0.0,9451.836532592775
2023-04-06,0,0.0,0,0,0.0,0.0,0.0,183.32177734375,0.10351906292638978,0.0,9451.836532592775,0.0,9451.836532592775
2023-04-10,0,0.0,0,0,0.0,0.0,0.0,184.318603515625,0.06699196450985559,0.0,9451.836532592775,0.0,9451.836532592775
2023-04-11,0,0.0,0,0,0.0,0.0,0.0,185.49923706054688,0.14104219989981037,0.0,9451.836532592775,0.0,9451.836532592775
2023-04-12,0,0.0,0,0,0.0,0.0,0.0,185.9928131103516,0.18122049034428783,0.0,9451.836532592775,0.0,9451.836532592775
2023-04-13,0,0.0,0,0,0.0,0.0,0.0,186.999267578125,0.24274263789617423,0.0,9451.836532592775,0.0,9451.836532592775
2023-04-14,0,0.0,0,0,0.0,0.0,0.0,189.5831451416016,0.43230105934836627,0.0,9451.836532592775,0.0,9451.836532592775
2023-04-17,0,0.0,0,0,0.0,0.0,0.0,190.2122344970703,0.46023881754163365,0.0,9451.836532592775,0.0,9451.836532592775
2023-04-18,0,0.0,0,0,0.0,0.0,0.0,191.4799652099609,0.4710149111712081,0.0,9451.836532592775,0.0,9451.836532592775
2023-04-19,0,0.0,0,0,0.0,0.0,0.0,190.5799560546875,0.2800551076311071,0.0,9451.836532592775,0.0,9451.836532592775
2023-04-20,0,0.0,0,0,0.0,0.0,-2.0,191.4315643310547,0.194849370394782,0.0,9451.836532592775,0.0,9451.836532592775
2023-04-21,0,0.0,0,0,0.0,0.0,0.0,190.40576171875,-0.0003078269964533753,0.0,9451.836532592775,0.0,9451.836532592775
2023-04-24,0,0.0,0,0,0.0,0.0,0.0,189.75738525390625,-0.16845087877160037,0.0,9451.836532592775,0.0,9451.836532592775
2023-04-25,0,0.0,0,0,0.0,0.0,0.0,190.43478393554688,-0.1800851592209889,0.0,9451.836532592775,0.0,9451.836532592775
2023-04-26,0,0.0,0,0,0.0,0.0,0.0,189.64122009277344,-0.25527933606516884,0.0,9451.836532592775,0.0,9451.836532592775
2023-04-27,0,0.0,0,0,0.0,0.0,0.0,184.74436950683597,-0.6878602523238991,0.0,9451.836532592775,0.0,9451.836532592775
2023-04-28,0,0.0,0,0,0.0,0.0,2.0,192.20579528808597,-0.10352688903852703,0.0,9451.836532592775,0.0,9451.836532592775
2023-05-01,0,0.0,0,0,0.0,0.0,0.0,193.3961181640625,0.2135924486134555,0.0,9451.836532592775,0.0,9451.836532592775
2023-05-02,0,0.0,0,0,0.0,0.0,0.0,194.01547241210935,0.32317209587904827,0.0,9451.836532592775,0.0,9451.836532592775
2023-05-03,0,0.0,0,0,0.0,0.0,-2.0,191.8670654296875,0.09432010707190219,0.0,9451.836532592775,0.0,9451.836532592775
2023-05-04,0,0.0,0,0,0.0,0.0,0.0,191.5767517089844,-0.060028541617794806,0.0,9451.836532592775,0.0,9451.836532592775
2023-05-05,0,0.0,0,0,0.0,0.0,0.0,189.89285278320312,-0.277758961684039,0.0,9451.836532592775,0.0,9451.836532592775
2023-05-08,0,0.0,0,0,0.0,0.0,0.0,192.0218963623047,-0.14831139192046172,0.0,9451.836532592775,0.0,9451.836532592775
2023-05-09,0,0.0,0,0,0.0,0.0,0.0,190.5992889404297,-0.21658259537218982,0.0,9451.836532592775,0.0,9451.836532592775
2023-05-10,0,0.0,0,0,0.0,0.0,0.0,190.7734832763672,-0.20481946960736197,0.0,9451.836532592775,0.0,9451.836532592775
2023-05-11,0,0.0,0,0,0.0,0.0,0.0,190.97671508789065,-0.15993562155039698,0.0,9451.836532592775,0.0,9451.836532592775
2023-05-12,0,0.0,0,0,0.0,0.0,0.0,188.7100372314453,-0.3200410994091917,0.0,9451.836532592775,0.0,9451.836532592775
2023-05-15,0,0.0,0,0,0.0,0.0,0.0,188.35980224609372,-0.3572034491701266,0.0,9451.836532592775,0.0,9451.836532592775
2023-05-16,0,0.0,0,0,0.0,0.0,0.0,189.0310516357422,-0.2491412659107753,0.0,9451.836532592775,0.0,9451.836532592775
2023-05-17,0,0.0,0,0,0.0,0.0,2.0,186.40440368652344,-0.38574768323981096,0.0,9451.836532592775,0.0,9451.836532592775
2023-05-18,0,0.0,0,0,0.0,0.0,0.0,190.6946258544922,0.011473538220620638,0.0,9451.836532592775,0.0,9451.836532592775
2023-05-19,0,0.0,0,0,0.0,0.0,0.0,192.86399841308597,0.35148258742406857,0.0,9451.836532592775,0.0,9451.836532592775
2023-05-22,0,0.0,0,0,0.0,0.0,0.0,191.9884796142578,0.3426828916330609,0.0,9451.836532592775,0.0,9451.836532592775
2023-05-23,0,0.0,0,0,0.0,0.0,-2.0,191.5798797607422,0.24175652584341112,0.0,9451.836532592775,0.0,9451.836532592775
2023-05-24,0,0.0,0,0,0.0,0.0,0.0,189.67312622070312,-0.007246957193139447,0.0,9451.836532592775,0.0,9451.836532592775
2023-05-25,0,0.0,0,0,0.0,0.0,0.0,186.6476287841797,-0.3617011393971311,0.0,9451.836532592775,0.0,9451.836532592775
2023-05-26,0,0.0,0,0,0.0,0.0,0.0,187.04649353027344,-0.391813152276782,0.0,9451.836532592775,0.0,9451.836532592775
2023-05-30,0,0.0,0,0,0.0,0.0,0.0,188.48626708984372,-0.2017534855727176,0.0,9451.836532592775,0.0,9451.836532592775
2023-05-31,0,0.0,0,0,0.0,0.0,0.0,189.2645263671875,-0.018354880733607415,0.0,9451.836532592775,0.0,9451.836532592775
2023-06-01,0,0.0,0,0,0.0,0.0,0.0,186.39468383789065,-0.18273485792423183,0.0,9451.836532592775,0.0,9451.836532592775
2023-06-02,0,0.0,0,0,0.0,0.0,2.0,188.59327697753903,-0.007928161264806444,0.0,9451.836532592775,0.0,9451.836532592775
2023-06-05,0,0.0,0,0,0.0,0.0,0.0,193.44772338867188,0.48785787147511056,0.0,9451.836532592775,0.0,9451.836532592775
2023-06-06,0,0.0,0,0,0.0,0.0,0.0,191.8230743408203,0.44919949067259834,0.0,9451.836532592775,0.0,9451.836532592775
2023-06-07,0,0.0,0,0,0.0,0.0,0.0,191.0059051513672,0.28303601027900277,0.0,9451.836532592775,0.0,9451.836532592775
2023-06-08,0,0.0,0,0,0.0,0.0,0.0,193.00021362304688,0.3362383299539416,0.0,9451.836532592775,0.0,9451.836532592775
2023-06-09,0,0.0,0,0,0.0,0.0,0.0,192.7667236328125,0.2640255431817584,0.0,9451.836532592775,0.0,9451.836532592775
2023-06-12,0,0.0,0,0,0.0,0.0,0.0,192.5137939453125,0.1527338471133698,0.0,9451.836532592775,0.0,9451.836532592775
2023-06-13,0,0.0,0,0,0.0,0.0,0.0,193.10723876953125,0.11712648634289025,0.0,9451.836532592775,0.0,9451.836532592775
2023-06-14,0,0.0,0,0,0.0,0.0,0.0,195.6463165283203,0.2805725938635035,0.0,9451.836532592775,0.0,9451.836532592775
2023-06-15,0,0.0,0,0,0.0,0.0,0.0,195.0723571777344,0.21637426768194667,0.0,9451.836532592775,0.0,9451.836532592775
2023-06-16,0,0.0,0,0,0.0,0.0,0.0,198.19512939453125,0.39341101563549863,0.0,9451.836532592775,0.0,9451.836532592775
2023-06-20,0,0.0,0,0,0.0,0.0,-2.0,197.45578002929688,0.28980834512784126,0.0,9451.836532592775,0.0,9451.836532592775
2023-06-21,0,0.0,0,0,0.0,0.0,0.0,194.95559692382807,-0.05394033388839237,0.0,9451.836532592775,0.0,9451.836532592775
2023-06-22,0,0.0,0,0,0.0,0.0,0.0,196.31756591796875,-0.0922491902993392,0.0,9451.836532592775,0.0,9451.836532592775
2023-06-23,0,0.0,0,0,0.0,0.0,0.0,195.1988220214844,-0.22260212926284595,0.0,9451.836532592775,0.0,9451.836532592775
2023-06-26,0,0.0,0,0,0.0,0.0,0.0,194.65403747558597,-0.31052602020993025,0.0,9451.836532592775,0.0,9451.836532592775
2023-06-27,0,0.0,0,0,0.0,0.0,2.0,197.07638549804688,-0.10767785589361578,0.0,9451.836532592775,0.0,9451.836532592775
2023-06-28,0,0.0,0,0,0.0,0.0,-2.0,197.81573486328125,0.023055636445571848,0.0,9451.836532592775,0.0,9451.836532592775
2023-06-29,0,0.0,0,0,0.0,0.0,2.0,196.99855041503903,-0.029974245785231668,0.0,9451.836532592775,0.0,9451.836532592775
2023-06-30,0,0.0,0,0,0.0,0.0,0.0,200.86070251464844,0.26059005808550584,0.0,9451.836532592775,0.0,9451.836532592775
2023-07-03,0,0.0,0,0,0.0,0.0,0.0,201.8627166748047,0.37578044529486965,0.0,9451.836532592775,0.0,9451.836532592775
2023-07-05,0,0.0,0,0,0.0,0.0,0.0,202.6409912109375,0.3805476348617789,0.0,9451.836532592775,0.0,9451.836532592775
2023-07-06,0,0.0,0,0,0.0,0.0,-2.0,200.82179260253903,0.11504147461900205,0.0,9451.836532592775,0.0,9451.836532592775
2023-07-07,0,0.0,0,0,0.0,0.0,0.0,198.4675445556641,-0.24980564292445306,0.0,9451.836532592775,0.0,9451.836532592775
2023-07-10,0,0.0,0,0,0.0,0.0,0.0,197.7379150390625,-0.44229031670347796,0.0,9451.836532592775,0.0,9451.836532592775
2023-07-11,0,0.0,0,0,0.0,0.0,2.0,202.09620666503903,-0.0935609053966775,0.0,9451.836532592775,0.0,9451.836532592775
2023-07-12,0,0.0,0,0,0.0,0.0,0.0,203.05931091308597,0.10186435180927367,0.0,9451.836532592775,0.0,9451.836532592775
2023-07-13,0,0.0,0,0,0.0,0.0,0.0,202.8550262451172,0.1041520178735853,0.0,9451.836532592775,0.0,9451.836532592775
2023-07-14,0,0.0,0,0,0.0,0.0,-2.0,203.03985595703125,0.06673255494387553,0.0,9451.836532592775,0.0,9451.836532592775
2023-07-17,0,0.0,0,0,0.0,0.0,0.0,200.5396728515625,-0.20978643706897504,0.0,9451.836532592775,0.0,9451.836532592775
2023-07-18,0,0.0,0,0,0.0,0.0,0.0,202.51451110839844,-0.13747901117259564,0.0,9451.836532592775,0.0,9451.836532592775
2023-07-19,0,0.0,0,0,0.0,0.0,0.0,199.67384338378903,-0.3605301921875417,0.0,9451.836532592775,0.0,9451.836532592775
2023-07-20,0,0.0,0,0,0.0,0.0,0.0,199.5959930419922,-0.40932315626185256,0.0,9451.836532592775,0.0,9451.836532592775
2023-07-21,0,0.0,0,0,0.0,0.0,2.0,202.31021118164065,-0.13933709715527942,0.0,9451.836532592775,0.0,9451.836532592775
2023-07-24,0,0.0,0,0,0.0,0.0,0.0,202.93284606933597,0.02226049494398552,0.0,9451.836532592775,0.0,9451.836532592775
2023-07-25,0,0.0,0,0,0.0,0.0,0.0,203.63327026367188,0.12132452531525506,0.0,9451.836532592775,0.0,9451.836532592775
2023-07-26,0,0.0,0,0,0.0,0.0,-2.0,203.9834747314453,0.14762630976434565,0.0,9451.836532592775,0.0,9451.836532592775
2023-07-27,0,0.0,0,0,0.0,0.0,0.0,202.60206604003903,-0.008358690401168323,0.0,9451.836532592775,0.0,9451.836532592775
2023-07-28,0,0.0,0,0,0.0,0.0,0.0,191.07400512695312,-1.0728691293491475,0.0,9451.836532592775,0.0,9451.836532592775
2023-07-31,0,0.0,0,0,0.0,0.0,0.0,189.8871612548828,-1.3760399593092865,0.0,9451.836532592775,0.0,9451.836532592775
2023-08-01,0,0.0,0,0,0.0,0.0,0.0,188.85595703125,-1.3092815085283491,0.0,9451.836532592775,0.0,9451.836532592775
2023-08-02,0,0.0,0,0,0.0,0.0,0.0,188.22360229492188,-1.063056818156162,0.0,9451.836532592775,0.0,9451.836532592775
2023-08-03,0,0.0,0,0,0.0,0.0,0.0,187.65936279296875,-0.7719312201050439,0.0,9451.836532592775,0.0,9451.836532592775
2023-08-04,1,-0.006712683319818915,0,0,0.017042729956172592,-0.01,0.0,185.3343048095703,-0.6549195316583267,0.00033004663635367686,185.12129211425963,50.0,9451.836532592775
2023-08-07,1,0.0020589608069240145,0,0,0.031206709776724892,-0.01,0.0,184.06961059570312,-0.5213015120657616,0.023265670583648906,1.0516815185565065,51.0,9388.601821899416
2023-08-08,0,-0.010337043031244301,0,0,0.0,0.0,0.0,184.44903564453125,-0.2561443597959654,-0.010337043031244301,1.0516815185565065,51.0,9407.95249938965
2023-08-09,0,0.008436716419951421,0,0,0.0,0.0,2.0,182.55198669433597,-0.18123116384954718,0.008436716419951421,1.0516815185565065,51.0,9311.203002929691
2023-08-10,0,0.0028116187767154186,0,0,0.0,0.0,0.0,184.09881591796875,0.10849113256641907,0.0028116187767154186,1.0516815185565065,51.0,9390.091293334963
2023-08-11,0,0.010172599756503021,0,0,0.0,0.0,0.0,184.61721801757807,0.3351689549627852,0.010172599756503021,1.0516815185565065,51.0,9416.529800415037
2023-08-14,0,-0.0061017016973983085,0,0,0.0,0.0,0.0,186.5050506591797,0.6098857108889026,-0.0061017016973983085,1.0516815185565065,51.0,9512.80926513672
2023-08-15,0,-0.00906324667244555,0,0,0.0,0.0,0.0,185.37039184570312,0.5838845213322594,-0.00906324667244555,1.0516815185565065,51.0,9454.941665649416
2023-08-16,0,-0.006999091011439651,0,0,0.0,0.0,0.0,183.6977386474609,0.3964385035373903,-0.006999091011439651,1.0516815185565065,51.0,9369.636352539062
2023-08-17,0,-0.0027382285719184307,0,0,0.0,0.0,0.0,182.41636657714844,0.21041591396258275,-0.0027382285719184307,1.0516815185565065,51.0,9304.286376953127
2023-08-18,0,0.0032207073509042295,0,0,0.0,0.0,0.0,181.91749572753903,0.12196052626538556,0.0032207073509042295,1.0516815185565065,51.0,9278.843963623047
2023-08-21,0,0.001980822233962017,0,0,0.0,0.0,0.0,182.50440979003903,0.17630810296366395,0.001980822233962017,1.0516815185565065,51.0,9308.776580810547
2023-08-22,0,-0.005040180537842545,0,0,0.0,0.0,0.0,182.86631774902344,0.25118879327495724,-0.005040180537842545,1.0516815185565065,51.0,9327.233886718752
2023-08-23,0,0.0057351853842873834,0,0,0.0,0.0,0.0,181.9468536376953,0.20623136604260917,0.0057351853842873834,1.0516815185565065,51.0,9280.341217041017
2023-08-24,0,-0.010314887167320663,0,0,0.0,0.0,0.0,182.99346923828125,0.29047983556669044,-0.010314887167320663,1.0516815185565065,51.0,9333.7186126709
2023-08-25,0,0.0061373429237504655,0,0,0.0,0.0,0.0,181.1154022216797,0.1516317489512149,0.0061373429237504655,1.0516815185565065,51.0,9237.93719482422
2023-08-28,0,0.008444229476484117,0,0,0.0,0.0,0.0,182.2305145263672,0.20984841543693022,0.008444229476484117,1.0516815185565065,51.0,9294.807922363283
2023-08-29,0,0.008690103333270149,0,0,0.0,0.0,0.0,183.7760009765625,0.3634640935456972,0.008690103333270149,1.0516815185565065,51.0,9373.627731323244
2023-08-30,0,-0.005077712604567406,0,0,0.0,0.0,0.0,185.3801727294922,0.5236322459096843,-0.005077712604567406,1.0516815185565065,51.0,9455.440490722658
2023-08-31,0,-0.003293063915219386,0,0,0.0,0.0,0.0,184.44114685058597,0.43090507062782035,-0.003293063915219386,1.0516815185565065,51.0,9407.550170898441
2023-09-01,0,0.0023910853804015187,0,0,0.0,0.0,0.0,183.83470153808597,0.2834023354940825,0.0023910853804015187,1.0516815185565065,51.0,9376.621459960941
2023-09-05,2,0.0,0,0,0.0,-0.01,-2.0,184.27484130859372,0.22734856917831164,-0.01,9399.068588256836,0.0,9399.068588256836
2023-09-06,0,0.0,0,0,0.0,0.0,0.0,181.64361572265625,-0.05201660060910829,0.0,9399.068588256836,0.0,9399.068588256836
2023-09-07,0,0.0,0,0,0.0,0.0,0.0,180.4796295166016,-0.23663020085292652,0.0,9399.068588256836,0.0,9399.068588256836
2023-09-08,0,0.0,0,0,0.0,0.0,0.0,180.09812927246094,-0.2823484310018515,0.0,9399.068588256836,0.0,9399.068588256836
2023-09-11,0,0.0,0,0,0.0,0.0,2.0,180.4893951416016,-0.19798638548542813,0.0,9399.068588256836,0.0,9399.068588256836
2023-09-12,0,0.0,0,0,0.0,0.0,0.0,182.1425018310547,0.030399731768422478,0.0,9399.068588256836,0.0,9399.068588256836
2023-09-13,0,0.0,0,0,0.0,0.0,0.0,185.0769500732422,0.38000932239997154,0.0,9399.068588256836,0.0,9399.068588256836
2023-09-14,0,0.0,0,0,0.0,0.0,0.0,187.40496826171875,0.6531790036383857,0.0,9399.068588256836,0.0,9399.068588256836
2023-09-15,0,0.0,0,0,0.0,0.0,0.0,189.3319396972656,0.8041700904035197,0.0,9399.068588256836,0.0,9399.068588256836
2023-09-18,0,0.0,0,0,0.0,0.0,0.0,188.82327270507807,0.6612641622123665,0.0,9399.068588256836,0.0,9399.068588256836
2023-09-19,0,0.0,0,0,0.0,0.0,0.0,190.2122802734375,0.5879224732741535,0.0,9399.068588256836,0.0,9399.068588256836
2023-09-20,0,0.0,0,0,0.0,0.0,0.0,191.0828399658203,0.49926943967247794,0.0,9399.068588256836,0.0,9399.068588256836
2023-09-21,0,0.0,0,0,0.0,0.0,-2.0,190.19271850585935,0.26184632648240935,0.0,9399.068588256836,0.0,9399.068588256836
2023-09-22,1,-0.008622692799822659,0,0,0.0,-0.01,0.0,187.2484436035156,-0.16793310417115426,-0.01862269279982266,36.64640808105651,50.0,9399.068588256836
2023-09-25,2,0.0,0,0,0.0,-0.01,0.0,185.63450622558597,-0.4744184662270665,-0.01,9318.371719360355,0.0,9318.371719360355
2023-09-26,0,0.0,0,0,0.0,0.0,0.0,187.6690673828125,-0.3600958070281606,0.0,9318.371719360355,0.0,9318.371719360355
2023-09-27,0,0.0,0,0,0.0,0.0,0.0,183.78579711914065,-0.6130856037581062,0.0,9318.371719360355,0.0,9318.371719360355
2023-09-28,0,0.0,0,0,0.0,0.0,0.0,183.7760009765625,-0.6135499760777479,0.0,9318.371719360355,0.0,9318.371719360355
2023-09-29,0,0.0,0,0,0.0,0.0,0.0,183.0228271484375,-0.5748674541654815,0.0,9318.371719360355,0.0,9318.371719360355
2023-10-02,0,0.0,0,0,0.0,0.0,0.0,180.70458984375,-0.6535142125569599,0.0,9318.371719360355,0.0,9318.371719360355
2023-10-03,0,0.0,0,0,0.0,0.0,0.0,178.62112426757812,-0.7303442962915332,0.0,9318.371719360355,0.0,9318.371719360355
2023-10-04,0,0.0,0,0,0.0,0.0,0.0,177.1832275390625,-0.7254505131306441,0.0,9318.371719360355,0.0,9318.371719360355
2023-10-05,0,0.0,0,0,0.0,0.0,0.0,178.51353454589844,-0.4422959052496598,0.0,9318.371719360355,0.0,9318.371719360355
2023-10-06,0,0.0,0,0,0.0,0.0,2.0,176.0876922607422,-0.42250978729846,0.0,9318.371719360355,0.0,9318.371719360355
2023-10-09,0,0.0,0,0,0.0,0.0,0.0,180.62635803222656,0.10083124924505071,0.0,9318.371719360355,0.0,9318.371719360355
2023-10-10,0,0.0,0,0,0.0,0.0,0.0,182.4457244873047,0.48043484262074054,0.0,9318.371719360355,0.0,9318.371719360355
2023-10-11,0,0.0,0,0,0.0,0.0,0.0,182.26963806152344,0.5601805671712539,0.0,9318.371719360355,0.0,9318.371719360355
2023-10-12,0,0.0,0,0,0.0,0.0,0.0,183.3064727783203,0.6102716045828744,0.0,9318.371719360355,0.0,9318.371719360355
2023-10-13,0,0.0,0,0,0.0,0.0,0.0,179.92205810546875,0.2515452906085114,0.0,9318.371719360355,0.0,9318.371719360355
2023-10-16,0,0.0,0,0,0.0,0.0,0.0,179.55035400390625,0.06119096449037742,0.0,9318.371719360355,0.0,9318.371719360355
2023-10-17,0,0.0,0,0,0.0,0.0,0.0,182.1620330810547,0.22159317776499188,0.0,9318.371719360355,0.0,9318.371719360355
2023-10-18,0,0.0,0,0,0.0,0.0,0.0,182.2500915527344,0.26210961853085735,0.0,9318.371719360355,0.0,9318.371719360355
2023-10-19,0,0.0,0,0,0.0,0.0,-2.0,179.46234130859375,0.0005327351096496846,0.0,9318.371719360355,0.0,9318.371719360355
2023-10-20,0,0.0,0,0,0.0,0.0,0.0,178.28855895996094,-0.18670872562205942,0.0,9318.371719360355,0.0,9318.371719360355
2023-10-23,0,0.0,0,0,0.0,0.0,0.0,177.35931396484375,-0.2890076082290167,0.0,9318.371719360355,0.0,9318.371719360355
2023-10-24,0,0.0,0,0,0.0,0.0,0.0,176.5767822265625,-0.32443713698943,0.0,9318.371719360355,0.0,9318.371719360355
2023-10-25,0,0.0,0,0,0.0,0.0,0.0,177.49623107910156,-0.17775857568115283,0.0,9318.371719360355,0.0,9318.371719360355
2023-10-26,0,0.0,0,0,0.0,0.0,0.0,174.19984436035156,-0.3489805910493058,0.0,9318.371719360355,0.0,9318.371719360355
2023-10-27,0,0.0,0,0,0.0,0.0,0.0,172.2141876220703,-0.48818640752211806,0.0,9318.371719360355,0.0,9318.371719360355
2023-10-30,0,0.0,0,0,0.0,0.0,2.0,173.1336669921875,-0.3336488863139331,0.0,9318.371719360355,0.0,9318.371719360355
2023-10-31,0,0.0,0,0,0.0,0.0,0.0,175.82359313964844,0.058240583170172,0.0,9318.371719360355,0.0,9318.371719360355
2023-11-01,0,0.0,0,0,0.0,0.0,0.0,179.25692749023438,0.5297102511052156,0.0,9318.371719360355,0.0,9318.371719360355
2023-11-02,0,0.0,0,0,0.0,0.0,0.0,179.97097778320312,0.7040115364160079,0.0,9318.371719360355,0.0,9318.371719360355
2023-11-03,0,0.0,0,0,0.0,0.0,0.0,182.3576812744141,0.8697220463291123,0.0,9318.371719360355,0.0,9318.371719360355
2023-11-06,0,0.0,0,0,0.0,0.0,0.0,184.8617706298828,0.9983786082508778,0.0,9318.371719360355,0.0,9318.371719360355
2023-11-07,0,0.0,0,0,0.0,0.0,0.0,183.404296875,0.734455236318947,0.0,9318.371719360355,0.0,9318.371719360355
2023-11-08,0,0.0,0,0,0.0,0.0,0.0,182.53375244140625,0.4120344322236327,0.0,9318.371719360355,0.0,9318.371719360355
2023-11-09,0,0.0,0,0,0.0,0.0,-2.0,180.58721923828125,0.027074218317822973,0.0,9318.371719360355,0.0,9318.371719360355
2023-11-10,0,0.0,0,0,0.0,0.0,2.0,180.72494506835935,-0.1335151982291809,0.0,9318.371719360355,0.0,9318.371719360355
2023-11-13,0,0.0,0,0,0.0,0.0,0.0,183.70620727539065,0.06306938848623522,0.0,9318.371719360355,0.0,9318.371719360355
2023-11-14,0,0.0,0,0,0.0,0.0,0.0,183.5094146728516,0.082121362643377,0.0,9318.371719360355,0.0,9318.371719360355
2023-11-15,0,0.0,0,0,0.0,0.0,0.0,187.17942810058597,0.36263545595157565,0.0,9318.371719360355,0.0,9318.371719360355
2023-11-16,0,0.0,0,0,0.0,0.0,0.0,186.5005340576172,0.3101347407269228,0.0,9318.371719360355,0.0,9318.371719360355
2023-11-17,0,0.0,0,0,0.0,0.0,0.0,187.64187622070312,0.29568757679280955,0.0,9318.371719360355,0.0,9318.371719360355
2023-11-20,1,0.003047896961565259,0,0,0.0,-0.01,0.0,188.13381958007807,0.23732355426335472,-0.006952103038434741,99.81455993653071,49.0,9318.371719360355
2023-11-21,2,0.0,0,0,0.0,-0.01,0.0,188.71432495117188,0.1770248694757468,-0.01,9346.816482543953,0.0,9346.816482543953
2023-11-22,0,0.0,0,0,0.0,0.0,0.0,188.1633453369141,0.026970014717299762,0.0,9346.816482543953,0.0,9346.816482543953
2023-11-24,0,0.0,0,0,0.0,0.0,0.0,189.2161102294922,0.007915620761612452,0.0,9346.816482543953,0.0,9346.816482543953
2023-11-27,0,0.0,0,0,0.0,0.0,-2.0,190.2984313964844,0.04281001899349768,0.0,9346.816482543953,0.0,9346.816482543953
2023-11-28,0,0.0,0,0,0.0,0.0,0.0,189.86550903320312,-0.039321364150330496,0.0,9346.816482543953,0.0,9346.816482543953
2023-11-29,0,0.0,0,0,0.0,0.0,0.0,191.14459228515625,-0.0023063639837919148,0.0,9346.816482543953,0.0,9346.816482543953
2023-11-30,0,0.0,0,0,0.0,0.0,2.0,191.13473510742188,-0.03861384984536498,0.0,9346.816482543953,0.0,9346.816482543953
2023-12-01,0,0.0,0,0,0.0,0.0,0.0,192.76803588867188,0.04613694255191492,0.0,9346.816482543953,0.0,9346.816482543953
2023-12-04,0,0.0,0,0,0.0,0.0,0.0,194.59811401367188,0.17625094566906174,0.0,9346.816482543953,0.0,9346.816482543953
2023-12-05,0,0.0,0,0,0.0,0.0,-2.0,195.1687774658203,0.1888341770110249,0.0,9346.816482543953,0.0,9346.816482543953
2023-12-06,0,0.0,0,0,0.0,0.0,0.0,193.78147888183597,-0.01492533085376646,0.0,9346.816482543953,0.0,9346.816482543953
2023-12-07,0,0.0,0,0,0.0,0.0,0.0,194.6079559326172,-0.07156826128616878,0.0,9346.816482543953,0.0,9346.816482543953
2023-12-08,0,0.0,0,0,0.0,0.0,0.0,194.6079559326172,-0.1336681880994659,0.0,9346.816482543953,0.0,9346.816482543953
2023-12-11,0,0.0,0,0,0.0,0.0,0.0,191.47911071777344,-0.45262448084669016,0.0,9346.816482543953,0.0,9346.816482543953
2023-12-12,0,0.0,0,0,0.0,0.0,2.0,197.16612243652344,-0.04561955940749307,0.0,9346.816482543953,0.0,9346.816482543953
2023-12-13,0,0.0,0,0,0.0,0.0,0.0,198.2681121826172,0.1627131560941708,0.0,9346.816482543953,0.0,9346.816482543953
2023-12-14,0,0.0,0,0,0.0,0.0,0.0,199.81285095214844,0.2959427648666946,0.0,9346.816482543953,0.0,9346.816482543953
2023-12-15,0,0.0,0,0,0.0,0.0,0.0,200.13754272460935,0.2682493516410345,0.0,9346.816482543953,0.0,9346.816482543953
2023-12-18,0,0.0,0,0,0.0,0.0,0.0,200.127685546875,0.15335966429875203,0.0,9346.816482543953,0.0,9346.816482543953
2023-12-19,1,-0.0024240159910330922,0,0,0.0,-0.01,0.0,201.80035400390625,0.16878459428480674,-0.012424015991033092,64.00019836426509,46.0,9346.816482543953
2023-12-20,0,-0.008286188339548787,0,0,0.0,0.0,-2.0,201.30841064453125,0.04101618597902945,-0.008286188339548787,64.00019836426509,46.0,9324.187088012703
2023-12-21,0,0.010468066974028748,0,0,0.0,0.0,0.0,199.6357421875,-0.2182823540635428,0.010468066974028748,64.00019836426509,46.0,9247.244338989265
2023-12-22,0,0.002853551592442056,0,0,0.0,0.0,0.0,201.75115966796875,-0.15107331039462002,0.002853551592442056,64.00019836426509,46.0,9344.553543090828
2023-12-26,0,0.011524440455884138,0,0,0.0,0.0,2.0,202.3316650390625,-0.10509029302239536,0.011524440455884138,64.00019836426509,46.0,9371.25679016114
2023-12-27,0,0.004668064581847084,0,0,0.0,0.0,0.0,204.6930389404297,0.07919886792837438,0.004668064581847084,64.00019836426509,46.0,9479.87998962403
2023-12-28,0,0.0007124664379582743,0,0,0.0,0.0,0.0,205.6573028564453,0.1601522112307494,0.0007124664379582743,64.00019836426509,46.0,9524.23612976075
2023-12-29,0,0.002561081007412051,0,0,0.0,0.0,0.0,205.80487060546875,0.1159896400620295,0.002561081007412051,64.00019836426509,46.0,9531.024246215828
2024-01-02,2,0.0,0,0,0.06765845594293637,-0.01,-2.0,206.3361968994141,0.06479723914692048,0.05765845594293637,9555.465255737314,0.0,9555.465255737314
2024-01-03,0,0.0,0,0,0.0,0.0,0.0,205.6376190185547,-0.08626208284735615,0.0,9555.465255737314,0.0,9555.465255737314
2024-01-04,0,0.0,0,0,0.0,0.0,0.0,201.239501953125,-0.5625731896333326,0.0,9555.465255737314,0.0,9555.465255737314
2024-01-05,0,0.0,0,0,0.0,0.0,0.0,201.6035614013672,-0.6554515306520539,0.0,9555.465255737314,0.0,9555.465255737314
2024-01-08,0,0.0,0,0,0.0,0.0,0.0,200.255615234375,-0.7268389160521567,0.0,9555.465255737314,0.0,9555.465255737314
2024-01-09,0,0.0,0,0,0.0,0.0,0.0,199.3996124267578,-0.7234777415568784,0.0,9555.465255737314,0.0,9555.465255737314
2024-01-10,0,0.0,0,0,0.0,0.0,0.0,198.38616943359372,-0.6949445434594516,0.0,9555.465255737314,0.0,9555.465255737314
2024-01-11,0,0.0,0,0,0.0,0.0,0.0,199.14378356933597,-0.49913787887719807,0.0,9555.465255737314,0.0,9555.465255737314
2024-01-12,0,0.0,0,0,0.0,0.0,0.0,198.425537109375,-0.3954022438959389,0.0,9555.465255737314,0.0,9555.465255737314
2024-01-16,0,0.0,0,0,0.0,0.0,0.0,197.8647003173828,-0.32417088891606594,0.0,9555.465255737314,0.0,9555.465255737314
2024-01-17,0,0.0,0,0,0.0,0.0,0.0,194.5882873535156,-0.5051435374992301,0.0,9555.465255737314,0.0,9555.465255737314
2024-01-18,0,0.0,0,0,0.0,0.0,0.0,194.7653961181641,-0.4419979547933923,0.0,9555.465255737314,0.0,9555.465255737314
2024-01-19,0,0.0,0,0,0.0,0.0,2.0,196.91030883789065,-0.12463151472930112,0.0,9555.465255737314,0.0,9555.465255737314
2024-01-22,0,0.0,0,0,0.0,0.0,0.0,197.54986572265625,0.10213005727011115,0.0,9555.465255737314,0.0,9555.465255737314
2024-01-23,0,0.0,0,0,0.0,0.0,0.0,197.8056640625,0.22032266206042506,0.0,9555.465255737314,0.0,9555.465255737314
2024-01-24,0,0.0,0,0,0.0,0.0,0.0,199.67510986328125,0.4121218969399021,0.0,9555.465255737314,0.0,9555.465255737314
2024-01-25,0,0.0,0,0,0.0,0.0,0.0,196.6544952392578,0.1706381680017578,0.0,9555.465255737314,0.0,9555.465255737314
2024-01-26,1,-0.0036847359171571295,0,0,0.0,-0.01,0.0,199.30120849609372,0.2963428070461386,-0.01368473591715713,188.30845642090935,47.0,9555.465255737314
2024-01-29,0,0.006053367394656839,0,0,0.0,0.0,0.0,198.55345153808597,0.2385646022561494,0.006053367394656839,188.30845642090935,47.0,9520.32067871095
2024-01-30,0,0.013666138068229883,0,0,0.0,0.0,0.0,199.7833404541016,0.28937860159323187,0.013666138068229883,188.30845642090935,47.0,9578.125457763685
2024-01-31,0,-0.017487643112561617,0,0,0.0,0.0,0.0,202.5874786376953,0.5011689381277586,-0.017487643112561617,188.30845642090935,47.0,9709.919952392589
2024-02-01,0,-0.02428297252273854,0,0,0.0,0.0,-2.0,199.00604248046875,0.178540330297009,-0.02428297252273854,188.30845642090935,47.0,9541.59245300294
2024-02-02,0,-0.005976493246208119,0,0,0.0,0.0,0.0,194.1356658935547,-0.3958595289334892,-0.005976493246208119,188.30845642090935,47.0,9312.68475341798
2024-02-05,0,-0.015607206217640255,0,0,0.0,0.0,0.0,192.9550018310547,-0.6368651746595385,-0.015607206217640255,188.30845642090935,47.0,9257.19354248048
2024-02-06,0,0.003191583144910067,0,0,0.0,0.0,0.0,189.90484619140625,-0.8619611664841189,0.003191583144910067,188.30845642090935,47.0,9113.836227417003
2024-02-07,0,0.002323947507929625,0,0,0.0,0.0,0.0,190.52471923828125,-0.7121406702501116,0.002323947507929625,188.30845642090935,47.0,9142.970260620128
2024-02-08,0,-0.0032347221776432068,0,0,0.0,0.0,0.0,190.97732543945312,-0.4542126596805667,-0.0032347221776432068,188.30845642090935,47.0,9164.242752075206
2024-02-09,0,0.006961862835488137,0,0,0.0,0.0,0.0,190.34762573242188,-0.28824681077797565,0.006961862835488137,188.30845642090935,47.0,9134.646865844737
2024-02-12,0,0.01253976933738092,0,0,0.0,0.0,2.0,191.70541381835935,-0.010806925166368497,0.01253976933738092,188.30845642090935,47.0,9198.462905883798
2024-02-13,0,-0.0167212148666275,0,0,0.0,0.0,0.0,194.175048828125,0.3532342724369357,-0.0167212148666275,188.30845642090935,47.0,9314.535751342784
2024-02-14,0,0.00433221950787375,0,0,0.0,0.0,0.0,190.8887634277344,0.1845776728225701,0.00433221950787375,188.30845642090935,47.0,9160.080337524427
2024-02-15,0,0.01536338717064943,0,0,0.0,0.0,0.0,191.73492431640625,0.2017216855039805,0.01536338717064943,188.30845642090935,47.0,9199.849899292003
2024-02-16,0,-0.0038684603815717232,0,0,0.0,0.0,0.0,194.7653961181641,0.46797329402796883,-0.0038684603815717232,188.30845642090935,47.0,9342.282073974622
2024-02-20,0,0.008756958634790535,0,0,0.0,0.0,0.0,193.99794006347656,0.44474014618179647,0.008756958634790535,188.30845642090935,47.0,9306.211639404308
2024-02-21,0,0.0029019261977370815,0,0,0.0,0.0,0.0,195.73947143554688,0.5271331444952329,0.0029019261977370815,188.30845642090935,47.0,9388.063613891612
2024-02-22,0,0.006267054137541469,0,0,0.0,0.0,0.0,196.3199615478516,0.5254063966679265,0.006267054137541469,188.30845642090935,47.0,9415.346649169935
2024-02-23,0,-0.0008788116962145511,0,0,0.0,0.0,0.0,197.5793609619141,0.5427027896649768,-0.0008788116962145511,188.30845642090935,47.0,9474.538421630872
2024-02-26,0,-0.007059504124308658,0,0,0.0,0.0,0.0,197.40228271484372,0.4318938738452176,-0.007059504124308658,188.30845642090935,47.0,9466.215744018564
2024-02-27,0,-0.004981457566589938,0,0,0.0,0.0,-2.0,195.9854431152344,0.18060965436772913,-0.004981457566589938,188.30845642090935,47.0,9399.624282836927
2024-02-28,0,-0.0030204566115208755,0,0,0.0,0.0,0.0,194.99166870117188,-0.043835142224767365,-0.0030204566115208755,188.30845642090935,47.0,9352.916885375987
2024-02-29,2,0.0,0,0,0.0,-0.01,0.0,194.3915100097656,-0.18365793941155317,-0.01,9324.709426879892,0.0,9324.709426879892
2024-03-01,0,0.0,0,0,0.0,0.0,2.0,196.6075592041016,-0.022896326880127993,0.0,9324.709426879892,0.0,9324.709426879892
2024-03-04,0,0.0,0,0,0.0,0.0,0.0,196.54820251464844,0.024751602676634232,0.0,9324.709426879892,0.0,9324.709426879892
2024-03-05,0,0.0,0,0,0.0,0.0,-2.0,197.11212158203125,0.07530991637477136,0.0,9324.709426879892,0.0,9324.709426879892
2024-03-06,0,0.0,0,0,0.0,0.0,2.0,195.2423248291016,-0.09197627246611356,0.0,9324.709426879892,0.0,9324.709426879892
2024-03-07,0,0.0,0,0,0.0,0.0,0.0,198.3586578369141,0.11964046581927845,0.0,9324.709426879892,0.0,9324.709426879892
2024-03-08,0,0.0,0,0,0.0,0.0,0.0,200.44613647460935,0.3423005645988384,0.0,9324.709426879892,0.0,9324.709426879892
2024-03-11,0,0.0,0,0,0.0,0.0,0.0,198.60598754882807,0.18678710014072752,0.0,9324.709426879892,0.0,9324.709426879892
2024-03-12,0,0.0,0,0,0.0,0.0,-2.0,198.15090942382807,0.035952452664712586,0.0,9324.709426879892,0.0,9324.709426879892
2024-03-13,0,0.0,0,0,0.0,0.0,0.0,197.0032958984375,-0.14602193032775912,0.0,9324.709426879892,0.0,9324.709426879892
2024-03-14,0,0.0,0,0,0.0,0.0,0.0,197.5968780517578,-0.15512491075115875,0.0,9324.709426879892,0.0,9324.709426879892
2024-03-15,0,0.0,0,0,0.0,0.0,0.0,194.25299072265625,-0.43405402226842893,0.0,9324.709426879892,0.0,9324.709426879892
2024-03-18,0,0.0,0,0,0.0,0.0,0.0,195.57867431640625,-0.3546740130622068,0.0,9324.709426879892,0.0,9324.709426879892
2024-03-19,0,0.0,0,0,0.0,0.0,0.0,194.6585998535156,-0.34462919845662343,0.0,9324.709426879892,0.0,9324.709426879892
2024-03-20,0,0.0,0,0,0.0,0.0,2.0,196.91424560546875,-0.08402723303944012,0.0,9324.709426879892,0.0,9324.709426879892
2024-03-21,0,0.0,0,0,0.0,0.0,0.0,199.03140258789065,0.2113155563234217,0.0,9324.709426879892,0.0,9324.709426879892
2024-03-22,0,0.0,0,0,0.0,0.0,0.0,199.22927856445312,0.2984192766038257,0.0,9324.709426879892,0.0,9324.709426879892
2024-03-25,0,0.0,0,0,0.0,0.0,-2.0,198.58621215820312,0.21643096808740692,0.0,9324.709426879892,0.0,9324.709426879892
2024-03-26,0,0.0,0,0,0.0,0.0,2.0,196.36024475097656,-0.052159144142732705,0.0,9324.709426879892,0.0,9324.709426879892
2024-03-27,0,0.0,0,0,0.0,0.0,0.0,198.85333251953125,0.06428175534905567,0.0,9324.709426879892,0.0,9324.709426879892
2024-03-28,0,0.0,0,0,0.0,0.0,0.0,202.9392242431641,0.43672733856563084,0.0,9324.709426879892,0.0,9324.709426879892
2024-04-01,0,0.0,0,0,0.0,0.0,0.0,203.0579376220703,0.48915317190540797,0.0,9324.709426879892,0.0,9324.709426879892
2024-04-02,0,0.0,0,0,0.0,0.0,-2.0,199.8525238037109,0.12169411550616371,0.0,9324.709426879892,0.0,9324.709426879892
2024-04-03,0,0.0,0,0,0.0,0.0,0.0,198.091552734375,-0.21219318712767576,0.0,9324.709426879892,0.0,9324.709426879892
2024-04-04,0,0.0,0,0,0.0,0.0,0.0,195.85569763183597,-0.5110245419818449,0.0,9324.709426879892,0.0,9324.709426879892
2024-04-05,0,0.0,0,0,0.0,0.0,0.0,193.9561920166016,-0.7061373159581225,0.0,9324.709426879892,0.0,9324.709426879892
2024-04-08,0,0.0,0,0,0.0,0.0,0.0,195.04444885253903,-0.5604860284144144,0.0,9324.709426879892,0.0,9324.709426879892
2024-04-09,0,0.0,0,0,0.0,0.0,0.0,195.64791870117188,-0.3482162663190949,0.0,9324.709426879892,0.0,9324.709426879892
2024-04-10,0,0.0,0,0,0.0,0.0,0.0,196.2910003662109,-0.14051586590844378,0.0,9324.709426879892,0.0,9324.709426879892
2024-04-11,1,0.0061937949437881465,0,0,0.0,-0.01,0.0,193.5604553222656,-0.2586691699660624,-0.0038062050562118538,33.807571411143726,48.0,9324.709426879892
2024-04-12,0,-0.0035998699766683832,0,0,0.0,0.0,0.0,194.76742553710935,-0.13357998793869008,-0.0035998699766683832,33.807571411143726,48.0,9382.643997192392
2024-04-15,0,-0.010826861896931557,0,0,0.0,0.0,0.0,194.0650177001953,-0.10308149732646088,-0.010826861896931557,33.807571411143726,48.0,9348.928421020519
2024-04-16,0,-0.017194244559804776,0,0,0.0,0.0,0.0,191.9676513671875,-0.2306927954610356,-0.017194244559804776,33.807571411143726,48.0,9248.254837036144
2024-04-17,0,-0.0018824161755964216,0,0,0.0,0.0,0.0,188.68312072753903,-0.49145782064418686,-0.0018824161755964216,33.807571411143726,48.0,9090.597366333017
2024-04-18,0,0.0037612150993514243,0,0,0.0,0.0,0.0,188.3269500732422,-0.49527910440429856,0.0037612150993514243,33.807571411143726,48.0,9073.501174926769
2024-04-19,0,0.01644445531265604,0,0,0.0,0.0,2.0,189.03927612304688,-0.304354998706162,0.01644445531265604,33.807571411143726,48.0,9107.692825317394
2024-04-22,0,0.0067474989576772094,0,0,0.0,0.0,0.0,192.185302734375,0.13739178530766072,0.0067474989576772094,33.807571411143726,48.0,9258.702102661144
2024-04-23,0,0.0029503532626478845,0,0,0.0,0.0,0.0,193.49122619628903,0.43197713778222324,0.0029503532626478845,33.807571411143726,48.0,9321.386428833017
2024-04-24,0,-0.006983209636874397,0,0,0.0,0.0,0.0,194.0650177001953,0.5497912085559289,-0.006983209636874397,33.807571411143726,48.0,9348.928421020519
2024-04-25,0,-0.009094784380205825,0,0,0.0,0.0,0.0,192.7096405029297,0.4071769445298077,-0.009094784380205825,33.807571411143726,48.0,9283.870315551769
2024-04-26,0,0.0022170614487109423,0,0,0.0,0.0,0.0,190.95855712890625,0.15394202742260954,0.0022170614487109423,33.807571411143726,48.0,9199.818313598644
2024-04-29,0,0.0016467883778066798,0,0,0.0,0.0,0.0,191.3839569091797,0.08959223564585161,0.0016467883778066798,33.807571411143726,48.0,9220.237503051769
2024-04-30,0,-0.0053619279606820945,0,0,0.0,0.0,0.0,191.70054626464844,0.09539617551985702,-0.0053619279606820945,33.807571411143726,48.0,9235.433792114269
2024-05-01,0,0.013198183129094692,0,0,0.0,0.0,0.0,190.6716461181641,0.009043373561300583,0.013198183129094692,33.807571411143726,48.0,9186.04658508302
2024-05-02,0,-0.008504945829014107,0,0,0.0,0.0,0.0,193.21420288085935,0.21032256392833415,-0.008504945829014107,33.807571411143726,48.0,9308.089309692392
2024-05-03,0,0.011103417900198982,0,0,0.0,0.0,0.0,191.57192993164065,0.11898085930452562,0.011103417900198982,33.807571411143726,48.0,9229.260208129896
2024-05-06,0,-0.004130177537084165,0,0,0.0,0.0,0.0,193.71875,0.2593868460529461,-0.004130177537084165,33.807571411143726,48.0,9332.307571411144
2024-05-07,0,0.009408291834852608,0,0,0.0,0.0,0.0,192.9174041748047,0.2027740477308232,0.009408291834852608,33.807571411143726,48.0,9293.842971801769
2024-05-08,0,0.006055649345466269,0,0,0.0,0.0,0.0,194.7476501464844,0.3062086127281508,0.006055649345466269,33.807571411143726,48.0,9381.694778442396
2024-05-09,0,0.01289690091122414,0,0,0.0,0.0,0.0,195.9348297119141,0.3897407812222636,0.01289690091122414,33.807571411143726,48.0,9438.67939758302
2024-05-10,0,0.011309445152899226,0,0,0.0,0.0,0.0,198.4872894287109,0.5616210678991852,0.011309445152899226,33.807571411143726,48.0,9561.197463989267
2024-05-13,0,0.004312155267941492,0,0,0.0,0.0,0.0,200.75282287597656,0.701324465151284,0.004312155267941492,33.807571411143726,48.0,9669.943069458019
2024-05-14,0,-0.002888989586870148,0,0,0.0,0.0,0.0,201.6234130859375,0.6731014323163187,-0.002888989586870148,33.807571411143726,48.0,9711.731399536144
2024-05-15,0,0.009031063975180349,0,0,0.0,0.0,0.0,201.03973388671875,0.4526186909705836,0.009031063975180349,33.807571411143726,48.0,9683.714797973644
2024-05-16,0,0.012815237649330239,0,0,0.0,0.0,0.0,202.8699493408203,0.4006223978252037,0.012815237649330239,33.807571411143726,48.0,9771.565139770519
2024-05-17,0,-0.003140007719375666,0,0,0.0,0.0,0.0,205.4955902099609,0.48149574288779684,-0.003140007719375666,33.807571411143726,48.0,9897.595901489267
2024-05-20,0,-0.00655338485596279,0,0,0.0,0.0,0.0,204.84913635253903,0.30832773295691407,-0.00655338485596279,33.807571411143726,48.0,9866.566116333017
2024-05-21,0,-0.005420638594439432,0,0,0.0,0.0,-2.0,203.5064697265625,0.008228667581376747,-0.005420638594439432,33.807571411143726,48.0,9802.118118286144
2024-05-22,0,-0.003482705615800021,0,0,0.0,0.0,0.0,202.4025115966797,-0.26427640745066316,-0.003482705615800021,33.807571411143726,48.0,9749.128128051769
2024-05-23,0,-0.01689808427395636,0,0,0.0,0.0,0.0,201.6963806152344,-0.4392910409344819,-0.01689808427395636,33.807571411143726,48.0,9715.233840942396
2024-05-24,0,0.0014981560173842042,0,0,0.0,0.0,0.0,198.304931640625,-0.770059674745172,0.0014981560173842042,33.807571411143726,48.0,9552.444290161144
2024-05-28,0,-0.0025482176435496382,0,0,0.0,0.0,0.0,198.60330200195312,-0.7697980856500308,-0.0025482176435496382,33.807571411143726,48.0,9566.766067504894
2024-05-29,0,-0.01061189893901744,0,0,0.0,0.0,0.0,198.0960693359375,-0.7044640928417536,-0.01061189893901744,33.807571411143726,48.0,9542.418899536144
2024-05-30,0,0.01922955394816806,0,0,0.0,0.0,0.0,195.99757385253903,-0.7518519046990221,0.01922955394816806,33.807571411143726,48.0,9441.691116333017
2024-05-31,0,0.006328598010562015,0,0,0.0,0.0,2.0,199.8166656494141,-0.3126403622446011,0.006328598010562015,33.807571411143726,48.0,9625.00752258302
2024-06-03,0,0.0013298753447176094,0,0,0.0,0.0,0.0,201.08970642089844,0.013314543213193655,0.0013298753447176094,33.807571411143726,48.0,9686.113479614269
2024-06-04,0,0.02320659973365354,0,0,0.0,0.0,0.0,201.35824584960935,0.15280863421819227,0.02320659973365354,33.807571411143726,48.0,9699.003372192392
2024-06-05,0,0.0097628779885777,0,0,0.0,0.0,0.0,206.10226440429688,0.5798725774830661,0.0097628779885777,33.807571411143726,48.0,9926.716262817394
2024-06-06,0,-0.00391288052159918,0,0,0.0,0.0,0.0,208.1311798095703,0.7936867932055336,-0.00391288052159918,33.807571411143726,48.0,10024.104202270519
2024-06-07,0,0.0015765694048012538,0,0,0.0,0.0,0.0,207.3156280517578,0.6339954637515124,0.0015765694048012538,33.807571411143726,48.0,9984.957717895519
2024-06-10,0,0.009312671822578179,0,0,0.0,0.0,0.0,207.6438446044922,0.4534636122426914,0.009312671822578179,33.807571411143726,48.0,10000.712112426769
2024-06-11,0,-0.0059768051610407215,0,0,0.0,0.0,0.0,209.5931854248047,0.4292481266588597,-0.0059768051610407215,33.807571411143726,48.0,10094.280471801769
2024-06-12,0,-0.004673408751976821,0,0,0.0,0.0,-2.0,208.34002685546875,0.18529580274723845,-0.004673408751976821,33.807571411143726,48.0,10034.128860473644
2024-06-13,0,0.0006212477356385829,0,0,0.0,0.0,0.0,207.3653564453125,-0.07471915408523877,0.0006212477356385829,33.807571411143726,48.0,9987.344680786144
2024-06-14,0,-0.0004778147718752492,0,0,0.0,0.0,0.0,207.49465942382807,-0.1980919112597661,-0.0004778147718752492,33.807571411143726,48.0,9993.55122375489
2024-06-17,0,0.016212838005057885,0,0,0.0,0.0,2.0,207.39520263671875,-0.26548666087586237,0.016212838005057885,33.807571411143726,48.0,9988.777297973644
2024-06-18,0,0.004316859726236547,0,0,0.0,0.0,0.0,210.7965850830078,0.004191896480451263,0.004316859726236547,33.807571411143726,48.0,10152.043655395519
2024-06-20,0,0.0059287062479448,0,0,0.0,0.0,0.0,211.71157836914065,0.13607372385566352,0.0059287062479448,33.807571411143726,48.0,10195.963333129896
2024-06-21,0,0.00441195210869687,0,0,0.0,0.0,0.0,212.97467041015625,0.22126686900357395,0.00441195210869687,33.807571411143726,48.0,10256.591751098644
2024-06-24,0,0.003700349331725688,0,0,0.0,0.0,0.0,213.91949462890625,0.24311645688388683,0.003700349331725688,33.807571411143726,48.0,10301.943313598644
2024-06-25,0,-0.006670504922301139,0,0,0.0,0.0,-2.0,214.71514892578125,0.22101773371227562,-0.006670504922301139,33.807571411143726,48.0,10340.134719848644
2024-06-26,0,-0.004751975044070271,0,0,0.0,0.0,0.0,213.2829742431641,-0.007821739170831954,-0.004751975044070271,33.807571411143726,48.0,10271.39033508302
2024-06-27,0,0.004426619656865409,0,0,0.0,0.0,0.0,212.26852416992188,-0.2355764239462248,0.004426619656865409,33.807571411143726,48.0,10222.696731567394
2024-06-28,0,-0.003913045148318496,0,0,0.0,0.0,0.0,213.2133636474609,-0.25024448291753876,-0.003913045148318496,33.807571411143726,48.0,10268.049026489267
2024-07-01,0,-0.012162409012671462,0,0,0.0,0.0,0.0,212.3779296875,-0.33251080041428116,-0.012162409012671462,33.807571411143726,48.0,10227.948196411144
2024-07-02,0,0.010714484179260885,0,0,0.0,0.0,0.0,209.80203247070312,-0.5685885892960201,0.010714484179260885,33.807571411143726,48.0,10104.305130004894
2024-07-03,0,-0.003605655458745847,0,0,0.0,0.0,0.0,212.0696258544922,-0.3943314914200968,-0.003605655458745847,33.807571411143726,48.0,10213.149612426769
2024-07-05,0,-0.0010325488079936287,0,0,0.0,0.0,0.0,211.30381774902344,-0.35420205806284033,-0.0010325488079936287,33.807571411143726,48.0,10176.390823364269
2024-07-08,0,-0.0028686998876978876,0,0,0.0,0.0,0.0,211.08502197265625,-0.317881268505682,-0.0028686998876978876,33.807571411143726,48.0,10165.888626098644
2024-07-09,0,-0.0048625746306354784,0,0,0.0,0.0,0.0,210.47833251953125,-0.31754062107264347,-0.0048625746306354784,33.807571411143726,48.0,10136.767532348644
2024-07-10,0,0.018241755480472268,0,0,0.0,0.0,2.0,209.4539337158203,-0.36109766815487254,0.018241755480472268,33.807571411143726,48.0,10087.596389770519
2024-07-11,0,0.0016715095404753507,0,0,0.0,0.0,0.0,213.32276916503903,0.012357642107327538,0.0016715095404753507,33.807571411143726,48.0,10273.300491333017
2024-07-12,0,0.0012053989665829587,0,0,0.0,0.0,0.0,213.68081665039065,0.17080520012393374,0.0012053989665829587,33.807571411143726,48.0,10290.486770629896
2024-07-15,0,0.0028224373720768005,0,0,0.0,0.0,0.0,213.93939208984372,0.21049959887845204,0.0028224373720768005,33.807571411143726,48.0,10302.898391723642
2024-07-16,0,0.012626299798961719,0,0,0.0,0.0,0.0,214.5460662841797,0.22584190611563604,0.012626299798961719,33.807571411143726,48.0,10332.018753051769
2024-07-17,0,0.007907394340704456,0,0,0.0,0.0,0.0,217.28111267089844,0.4082278813551785,0.007907394340704456,33.807571411143726,48.0,10463.300979614269
2024-07-18,0,-0.011564106153182834,0,0,0.0,0.0,0.0,219.0116424560547,0.526455436396472,-0.011564106153182834,33.807571411143726,48.0,10546.366409301769
2024-07-19,0,-0.014111501025586332,0,0,0.0,0.0,-2.0,216.48545837402344,0.22642550900440428,-0.014111501025586332,33.807571411143726,48.0,10425.109573364269
2024-07-22,0,0.010900942928239826,0,0,0.0,0.0,0.0,213.44210815429688,-0.22139236753612046,0.010900942928239826,33.807571411143726,48.0,10279.028762817394
2024-07-23,0,0.0018817050334794705,0,0,0.0,0.0,0.0,215.78927612304688,-0.17741627439266905,0.0018817050334794705,33.807571411143726,48.0,10391.692825317394
2024-07-24,0,-0.017251121778585288,0,0,0.0,0.0,0.0,216.1970367431641,-0.12401724267971259,-0.017251121778585288,33.807571411143726,48.0,10411.26533508302
2024-07-25,0,-0.05366348094669869,0,0,0.0,0.0,0.0,212.48733520507807,-0.4276473100510938,-0.05366348094669869,33.807571411143726,48.0,10233.19966125489
2024-07-26,2,0.0,0,0,0.0,-0.01,0.0,201.3482818603516,-1.4377210290653544,-0.01,9698.52510070802,0.0,9698.52510070802
2024-07-29,0,0.0,0,0,0.0,0.0,0.0,201.63671875,-1.5229315071534166,0.0,9698.52510070802,0.0,9698.52510070802
2024-07-30,0,0.0,0,0,0.0,0.0,0.0,200.3040008544922,-1.3671851352024964,0.0,9698.52510070802,0.0,9698.52510070802
2024-07-31,0,0.0,0,0,0.0,0.0,0.0,201.5372467041016,-0.9086336394722032,0.0,9698.52510070802,0.0,9698.52510070802
2024-08-01,0,0.0,0,0,0.0,0.0,0.0,203.63577270507807,-0.3321980087843306,0.0,9698.52510070802,0.0,9698.52510070802
2024-08-02,0,0.0,0,0,0.0,0.0,2.0,203.46669006347656,-0.004923949782522197,0.0,9698.52510070802,0.0,9698.52510070802
2024-08-05,0,0.0,0,0,0.0,0.0,-2.0,202.58154296875,0.11074905712003469,0.0,9698.52510070802,0.0,9698.52510070802
2024-08-06,0,0.0,0,0,0.0,0.0,0.0,198.62319946289065,-0.13730784558932907,0.0,9698.52510070802,0.0,9698.52510070802
2024-08-07,1,-0.004431659883725801,0,0,0.0,-0.01,0.0,197.71815490722656,-0.21047772303091117,-0.0144316598837258,10.335510253918983,49.0,9698.52510070802
2024-08-08,0,0.009543891053220897,0,0,0.0,0.0,2.0,196.8429412841797,-0.20026936635571335,0.009543891053220897,10.335510253918983,49.0,9655.639633178724
2024-08-09,0,-0.007980547469615192,0,0,0.0,0.0,0.0,198.73260498046875,0.0789935803124302,-0.007980547469615192,10.335510253918983,49.0,9748.233154296888
2024-08-12,0,-0.00728296059007221,0,0,0.0,0.0,0.0,197.1512451171875,0.10813356524078443,-0.00728296059007221,10.335510253918983,49.0,9670.746520996106
2024-08-13,0,-0.0003046302751236522,0,0,0.0,0.0,0.0,195.71908569335935,0.05118150557368173,-0.0003046302751236522,10.335510253918983,49.0,9600.570709228527
2024-08-14,0,0.004407888070313261,0,0,0.0,0.0,0.0,195.65940856933597,0.08963764543872266,0.004407888070313261,10.335510253918983,49.0,9597.646530151382
2024-08-15,0,0.0043381177399832655,0,0,0.0,0.0,0.0,196.52468872070312,0.23405386695794395,0.0043381177399832655,10.335510253918983,49.0,9640.045257568372
2024-08-16,0,0.005652247466461314,0,0,0.0,0.0,0.0,197.3800048828125,0.3867828817824024,0.005652247466461314,10.335510253918983,49.0,9681.955749511731
